{
  "name": "platform",
  "main": "platform.js",
  "homepage": "https://github.com/Polymer/platform",
  "authors": [
    "The Polymer Authors"
  ],
  "description": "Integrate platform polyfills: load, build, test",
  "keywords": [
    "polymer",
    "web",
    "components"
  ],
  "license": "BSD",
  "private": true,
  "version": "0.2.4",
  "_release": "0.2.4",
  "_resolution": {
    "type": "version",
    "tag": "0.2.4",
    "commit": "fb89340f0ba2f9d9dbd21df6de0a791e66149c86"
  },
  "_source": "https://github.com/Polymer/platform.git",
  "_target": "0.2.4",
  "_originalSource": "Polymer/platform"
}