{
  "name": "core-component-page",
  "private": true,
  "dependencies": {
    "platform": "Polymer/platform#0.2.4",
    "core-action-icons": "Polymer/core-action-icons#0.2.4"
  },
  "version": "0.2.4",
  "homepage": "https://github.com/Polymer/core-component-page",
  "_release": "0.2.4",
  "_resolution": {
    "type": "version",
    "tag": "0.2.4",
    "commit": "c91ca328673cf1d1a89a0c614ca22a04e4b644b8"
  },
  "_source": "https://github.com/Polymer/core-component-page.git",
  "_target": "0.2.4",
  "_originalSource": "Polymer/core-component-page"
}